user_id,username,password,role,email
1,user1,o4+rsG1v%Z,user,l.srinath160706@gmail.com
2,user2,*2ZcjmKvV7,user,user2255@gmail.com
3,user3,#h0&p8Og%Y,user,user3835@outlook.com
4,user4,+1BylvLkB8,user,user4255@yahoo.com
5,user5,*zR%(+iL9t,user,user5478@outlook.com
6,user6,7W!1CfqSV^,user,user6204@gmail.com
7,user7,^@8pX!i&GE,user,user7118@yahoo.com
8,user8,p3uZcBaH+j,user,user8827@gmail.com
9,user9,@0U^eRJnkJ,user,user9700@outlook.com
10,user10,#APHARDc2d,user,user10264@yahoo.com
11,user11,!85Ple)q6P,user,user11226@gmail.com
12,user12,8!Jq4bOk#a,user,user12157@yahoo.com
13,user13,JHpLP8oQ#6,user,user13168@outlook.com
14,user14,vY(@j6Oj(I,user,user14249@outlook.com
15,user15,lfU_wrEP@8,user,user15164@yahoo.com
16,user16,)M8EHsjjvG,user,user16926@yahoo.com
17,user17,Sb8NQlRf)4,user,user17809@gmail.com
18,user18,$O8IqR#bP*,user,user18698@outlook.com
19,user19,Pe2m5U_8S!,user,user19558@gmail.com
20,user20,ylW^4KLxl7,user,user20519@gmail.com
21,user21,%xt0*TSFA6,user,user21562@gmail.com
22,user22,vw%35RXflS,user,user22403@outlook.com
23,user23,LH(0GThs^M,user,user23156@outlook.com
24,user24,R1s1GXPw+0,user,user24917@gmail.com
25,user25,T41EbWYhP+,user,user25309@yahoo.com
26,user26,w+1F1Zdrpa,user,user26367@outlook.com
27,user27,0&3OUhraEb,user,user27226@gmail.com
28,user28,eP2j5ISt%Q,user,user28336@outlook.com
29,user29,pc9cVhHOU$,user,user29902@yahoo.com
30,user30,#WJCk088)0,user,user30725@outlook.com
31,user31,9(Ny6KZn%+,user,user31118@yahoo.com
32,user32,^(5uqZvwZ1,user,user32134@outlook.com
33,user33,YUn2Qhwc+2,user,user33160@outlook.com
34,user34,iWrW8dOr_3,user,user34544@yahoo.com
35,user35,&$5O5N0zd$,user,user35842@gmail.com
36,user36,W@7F5AXosj,user,user36160@yahoo.com
37,user37,s!@9Ctbm&&,user,user37267@outlook.com
38,user38,fk8iTy(qU(,user,user38385@gmail.com
39,user39,K8PMeP+X$s,user,user39813@outlook.com
40,user40,$93VIaTgMf,user,user40189@gmail.com
41,user41,%^9Fej@XDN,user,user41837@yahoo.com
42,user42,$3Iickg^%C,user,user42290@outlook.com
43,user43,#O*o4Sn#G%,user,user43296@outlook.com
44,user44,27Ul&YfK_e,user,user44309@gmail.com
45,user45,P&2GzSlXy&,user,user45189@yahoo.com
46,user46,RO6FaB0nZ@,user,user46115@gmail.com
47,user47,e^&Uu6Uv^8,user,user47765@yahoo.com
48,user48,!5uTOVy_y3,user,user48928@gmail.com
49,user49,&PDL!q&F*9,user,user49293@gmail.com
50,user50,bq+0Qg8lN_,user,user50388@gmail.com
51,user51,!os$SaiL63,user,user51876@yahoo.com
52,user52,sV)C3#Ndv@,user,user52970@yahoo.com
53,user53,)8RKiej4#O,user,user53262@outlook.com
54,user54,K&8aiHiU%*,user,user54601@gmail.com
55,user55,@p4CLqoN%s,user,user55952@gmail.com
56,user56,&7ImvXVoYH,user,user56281@outlook.com
57,user57,am6MiNp1Q$,user,user57718@yahoo.com
58,user58,tj@_P9Th7+,user,user58100@gmail.com
59,user59,%5YtVX(0+c,user,user59486@yahoo.com
60,user60,ED)0I@se_u,user,user60322@outlook.com
61,user61,0+2lOYrH)p,user,user61310@gmail.com
62,user62,!Ye3n#Xs#M,user,user62395@outlook.com
63,user63,*k1BBx3kx@,user,user63789@gmail.com
64,user64,KEi)4HqND&,user,user64637@gmail.com
65,user65,*$W*1@TsYV,user,user65854@gmail.com
66,user66,@g1LUHKg*m,user,user66133@yahoo.com
67,user67,fx%02OxQ*6,user,user67501@outlook.com
68,user68,#0RFRuYY7+,user,user68244@outlook.com
69,user69,+_JdJucE8%,user,user69623@gmail.com
70,user70,EY9p8$Gt^s,user,user70485@outlook.com
71,user71,)xlD9kuPz0,user,user71361@outlook.com
72,user72,+CNooNTJa8,user,user72180@outlook.com
73,user73,%7bAZq3&n#,user,user73313@gmail.com
74,user74,VlA&7Gfo^s,user,user74733@gmail.com
75,user75,x1aIgtFm+J,user,user75215@gmail.com
76,user76,qK4Z1iiVb^,user,user76525@yahoo.com
77,user77,Bk1!H2Fj3#,user,user77955@outlook.com
78,user78,+Xr7XlnLJi,user,user78595@outlook.com
79,user79,vE2NMIgqj!,user,user79309@gmail.com
80,user80,c872GDHt_m,user,user80443@gmail.com
81,user81,Y^f8vHhWxs,user,user81447@gmail.com
82,user82,@b4tTTj*P(,user,user82541@outlook.com
83,user83,8hPfRbqg@w,user,user83150@yahoo.com
84,user84,I_%G7Ej#H@,user,user84992@yahoo.com
85,user85,5$^@1WieOx,user,user85834@outlook.com
86,user86,&1Huc+lf$P,user,user86558@outlook.com
87,user87,Ix2$8Qey_5,user,user87541@outlook.com
88,user88,$8V+iGx2%@,user,user88482@outlook.com
89,user89,%M8FT7tk8Z,user,user89597@yahoo.com
90,user90,ZnRw1H(2L%,user,user90793@gmail.com
91,user91,I0_Nleha#1,user,user91708@yahoo.com
92,user92,7C9GTjSz#&,user,user92647@outlook.com
93,user93,HkNpj%PP(6,user,user93142@yahoo.com
94,user94,8+SL0l*8!7,user,user94165@yahoo.com
95,user95,+FPUMjs95i,user,user95833@outlook.com
96,user96,*s0OOh7iib,user,user96977@outlook.com
97,user97,kAz07Uip$S,user,user97487@outlook.com
98,user98,()5rP5gsgG,user,user98515@outlook.com
99,user99,r)@NwpXU&3,user,user99830@outlook.com
100,user100,7P0p)AjR_4,user,user100168@outlook.com
101,user101,+3PvEbqt!X,user,user101590@gmail.com
102,user102,#_4Z*po%RP,user,user102457@yahoo.com
103,user103,eY1SS3Hqd(,user,user103377@outlook.com
104,user104,F$x^0iGfwo,user,user104160@outlook.com
105,user105,Ra2s&B3e%C,user,user105581@outlook.com
106,user106,&#E&Dszsx1,user,user106614@yahoo.com
107,user107,Vs6fSqE4)5,user,user107539@yahoo.com
108,user108,k^yk9Pp@G!,user,user108712@outlook.com
109,user109,w3zO(Uu8)a,user,user109554@yahoo.com
110,user110,5DW)A7Vx_9,user,user110697@yahoo.com
111,user111,)xm8Tt@xyH,user,user111161@outlook.com
112,user112,+#MBLe6Jb2,user,user112829@gmail.com
113,user113,9)R5G3Tdvh,user,user113257@gmail.com
114,user114,eT$jR@uw&5,user,user114888@outlook.com
115,user115,lVaJ1#DxM#,user,user115728@outlook.com
116,user116,+4sEDdqtbM,user,user116160@gmail.com
117,user117,%SBj!Soam9,user,user117447@yahoo.com
118,user118,@6v5_&iK#J,user,user118300@gmail.com
119,user119,SQ4qY*&y(+,user,user119269@gmail.com
120,user120,6f0NXAHkH!,user,user120950@yahoo.com
121,user121,Yxw8EJBv@7,user,user121196@yahoo.com
122,user122,tdJ+QUvb%2,user,user122955@outlook.com
123,user123,EFz63ZOz^q,user,user123126@gmail.com
124,user124,$8ZaNgju#D,user,user124286@outlook.com
125,user125,))URh!Ltw2,user,user125401@outlook.com
126,user126,+E5S(xcAeP,user,user126996@gmail.com
127,user127,!ck!6L*Cx8,user,user127646@outlook.com
128,user128,1@&B2fVgWg,user,user128211@gmail.com
129,user129,@ON3vVxMEo,user,user129748@gmail.com
130,user130,$!5YonU#Fd,user,user130868@yahoo.com
131,user131,jcRE(eHP@0,user,user131916@outlook.com
132,user132,$P6XLnroLI,user,user132683@gmail.com
133,user133,U&1dN6bv#N,user,user133903@outlook.com
134,user134,Pd%9sX&yIB,user,user134319@outlook.com
135,user135,Y7uNVmux^9,user,user135280@gmail.com
136,user136,UMFVicbj%8,user,user136567@outlook.com
137,user137,L52sUtkp&S,user,user137765@yahoo.com
138,user138,%9ZUU1mifn,user,user138515@outlook.com
139,user139,p7)Vz6Oo*g,user,user139618@yahoo.com
140,user140,!3bUBOmvn6,user,user140319@outlook.com
141,user141,@g%T+t8m!7,user,user141982@outlook.com
142,user142,^1ZZ93Y6Tf,user,user142213@outlook.com
143,user143,*c^4E9(xwa,user,user143717@gmail.com
144,user144,IL9bFNfD!s,user,user144154@yahoo.com
145,user145,(RIX1Yk715,user,user145209@outlook.com
146,user146,&e2#L5#ka0,user,user146752@outlook.com
147,user147,#3dMAxuSMg,user,user147560@outlook.com
148,user148,)6uf#_l(ZG,user,user148373@outlook.com
149,user149,!L2+HyiCB^,user,user149383@yahoo.com
150,user150,1xJ5rGCJ@z,user,user150402@outlook.com
151,user151,s49!3OE7+w,user,user151254@yahoo.com
152,user152,S4b6df1h%J,user,user152944@yahoo.com
153,user153,(d5UVCOb8^,user,user153986@gmail.com
154,user154,$xsMTt1bo3,user,user154573@gmail.com
155,user155,XSRoS7Mnt#,user,user155100@yahoo.com
156,user156,%6OSyyQoUi,user,user156780@outlook.com
157,user157,OaX3YfbA&7,user,user157390@gmail.com
158,user158,A2!OW_6x)p,user,user158771@yahoo.com
159,user159,_OpWNBal1f,user,user159103@gmail.com
160,user160,^5(DEs6(s7,user,user160478@outlook.com
161,user161,icv#2EajYT,user,user161815@gmail.com
162,user162,$wZld*Ad17,user,user162615@yahoo.com
163,user163,O*5REfKy^0,user,user163391@yahoo.com
164,user164,%TYVJhwg0W,user,user164737@outlook.com
165,user165,$yvEbln!R8,user,user165763@gmail.com
166,user166,#3XK%yVszX,user,user166196@yahoo.com
167,user167,$%XQwM@u&8,user,user167718@outlook.com
168,user168,N!a2PwkfuL,user,user168255@gmail.com
169,user169,^9*1sfEOa6,user,user169485@outlook.com
170,user170,dX*kX8Mx_Z,user,user170725@yahoo.com
171,user171,nE@3#+UamL,user,user171445@outlook.com
172,user172,GRt6D&z2H),user,user172683@outlook.com
173,user173,3!Kz98QnxF,user,user173457@outlook.com
174,user174,v!4l*sOn6J,user,user174598@yahoo.com
175,user175,^_4X9Tk%^N,user,user175481@gmail.com
176,user176,*YF8CFFk6!,user,user176906@gmail.com
177,user177,!6&V$UGp&d,user,user177902@yahoo.com
178,user178,7*R3aCKy1w,user,user178670@gmail.com
179,user179,&(&46!Tlj*,user,user179390@gmail.com
180,user180,7qcdrMpN+y,user,user180125@outlook.com
181,user181,)i60X66p)_,user,user181171@yahoo.com
182,user182,9O$C9UYm@z,user,user182365@outlook.com
183,user183,_@*9K)YiQ2,user,user183344@outlook.com
184,user184,zxD9#5Vi+C,user,user184497@yahoo.com
185,user185,HU#47SymU$,user,user185390@outlook.com
186,user186,*KfdAyvg7#,user,user186740@yahoo.com
187,user187,&eLZPm(Gy6,user,user187979@gmail.com
188,user188,+50w8J)&gZ,user,user188894@outlook.com
189,user189,q(WKB@Mv!8,user,user189181@yahoo.com
190,user190,x(k8I0qoYb,user,user190275@outlook.com
191,user191,!4cKQKVv&x,user,user191640@gmail.com
192,user192,u^6DOTKnZ&,user,user192842@yahoo.com
193,user193,(AD&GvaY3_,user,user193817@outlook.com
194,user194,QMR@0Bzu&K,user,user194912@gmail.com
195,user195,&+0Zpi_vQd,user,user195711@outlook.com
196,user196,@j5dOFqz#4,user,user196360@gmail.com
197,user197,&kK8Suavlt,user,user197153@yahoo.com
198,user198,!gfg5RnsB&,user,user198730@yahoo.com
199,user199,*sJfq2Eaa%,user,user199810@outlook.com
200,user200,2&8hU2tb&3,user,user200952@outlook.com
201,user201,uXYv+@Lx!4,user,user201291@outlook.com
202,user202,^hZ6Gl((bY,user,user202455@gmail.com
203,user203,UT(982CoBU,user,user203779@outlook.com
204,user204,UWd^L4Qkj+,user,user204877@outlook.com
205,user205,#4(9GgQbU3,user,user205695@yahoo.com
206,user206,E^80CSUe!H,user,user206952@yahoo.com
207,user207,07jHhZgC^Q,user,user207915@gmail.com
208,user208,@gVLk2HG6I,user,user208339@gmail.com
209,user209,Pk7YgV!y_G,user,user209225@gmail.com
210,user210,!4BHA#wAHV,user,user210762@outlook.com
211,user211,K9KcKE)S%_,user,user211636@yahoo.com
212,user212,li2UgnIp^7,user,user212420@outlook.com
213,user213,o@*1NBt76+,user,user213166@gmail.com
214,user214,H2FqN9)g(k,user,user214374@gmail.com
215,user215,y7dKmNIc$T,user,user215822@yahoo.com
216,user216,wj8U9MSo)a,user,user216391@gmail.com
217,user217,#_w^qmSpI7,user,user217808@gmail.com
218,user218,9f#5Ehq#cj,user,user218808@yahoo.com
219,user219,*k8cZVlk)V,user,user219157@yahoo.com
220,user220,@^+1BDu^Ua,user,user220989@yahoo.com
221,user221,&&t6RqStR@,user,user221452@yahoo.com
222,user222,JC4MFrHj_s,user,user222544@gmail.com
223,user223,*TbXeUZ_o7,user,user223765@yahoo.com
224,user224,%)!07VZj1P,user,user224223@outlook.com
225,user225,+Z1zPBoq70,user,user225989@gmail.com
226,user226,8%E1+VgR)I,user,user226678@yahoo.com
227,user227,!c7YiA&10(,user,user227654@yahoo.com
228,user228,X*PA+dItb2,user,user228642@gmail.com
229,user229,2X6OlG4nW*,user,user229464@gmail.com
230,user230,hd9CKJx5J#,user,user230357@yahoo.com
231,user231,#3n3Qx4t1(,user,user231507@gmail.com
232,user232,)VG_l8PL@1,user,user232808@outlook.com
233,user233,%R+1tMcYA@,user,user233211@outlook.com
234,user234,&3MJNbKeJ4,user,user234873@outlook.com
235,user235,m3F*VSUa#k,user,user235543@gmail.com
236,user236,g!6OL3k#fI,user,user236575@outlook.com
237,user237,(8ttBuv+j&,user,user237737@yahoo.com
238,user238,)qEiK+d&N6,user,user238709@outlook.com
239,user239,8K9FGBKb&l,user,user239776@outlook.com
240,user240,+1PbFRiSbu,user,user240529@outlook.com
241,user241,2!r%JVDy^A,user,user241534@gmail.com
242,user242,m!J1VOgeCW,user,user242472@outlook.com
243,user243,)z6VBhwS@K,user,user243405@outlook.com
244,user244,n_MM4$Ff9u,user,user244370@yahoo.com
245,user245,&_5qlL37Ly,user,user245929@gmail.com
246,user246,!ZMrUMuo0b,user,user246645@gmail.com
247,user247,3)$M1DgZD!,user,user247386@outlook.com
248,user248,P3X5^zPv@6,user,user248861@gmail.com
249,user249,2G89W5q)I@,user,user249548@outlook.com
250,user250,s355PWe11+,user,user250786@yahoo.com
251,user251,qyVgKLCg&4,user,user251591@outlook.com
252,user252,$$2NFJttht,user,user252651@gmail.com
253,user253,&4W3IZhedc,user,user253755@outlook.com
254,user254,T@5vC@t%BX,user,user254834@yahoo.com
255,user255,Jp6J*ZjR!A,user,user255146@yahoo.com
256,user256,$uY8xeK4r4,user,user256686@yahoo.com
257,user257,*zOZvJlB8k,user,user257690@gmail.com
258,user258,pVML4BOl#Q,user,user258112@outlook.com
259,user259,+7MxNwsk!*,user,user259300@gmail.com
260,user260,$+_d8Si2ss,user,user260419@gmail.com
261,user261,o57lcJnrp@,user,user261708@outlook.com
262,user262,R4L8tlpZ)j,user,user262673@outlook.com
263,user263,q32t0O+p#V,user,user263816@yahoo.com
264,user264,@GQwFLFP(0,user,user264948@outlook.com
265,user265,_5WI7s2&c#,user,user265114@outlook.com
266,user266,6(ASI#l@*f,user,user266616@gmail.com
267,user267,_Q+HW6Ls4z,user,user267821@yahoo.com
268,user268,7S#5%ZAueO,user,user268475@yahoo.com
269,user269,7zED56Va(5,user,user269716@outlook.com
270,user270,*iMpGCSL^7,user,user270812@yahoo.com
271,user271,k@m8IZCba@,user,user271980@outlook.com
272,user272,N83Fr8qc(C,user,user272172@outlook.com
273,user273,t86zpdVlU),user,user273397@outlook.com
274,user274,&8XJK#Yt8y,user,user274181@gmail.com
275,user275,n(UJ@gXiP3,user,user275472@gmail.com
276,user276,Kf5GDFde_&,user,user276498@outlook.com
277,user277,S&i6ZOpp6%,user,user277342@outlook.com
278,user278,+4SMCNu4Zq,user,user278647@gmail.com
279,user279,n9pBKq9z@o,user,user279937@yahoo.com
280,user280,!01MZNaDqz,user,user280938@gmail.com
281,user281,7iMmE2HI++,user,user281475@yahoo.com
282,user282,@Y_&h7Eit),user,user282145@outlook.com
283,user283,peCeOGx6(6,user,user283991@yahoo.com
284,user284,)4OewQQpo0,user,user284270@gmail.com
285,user285,0v8%QwmT%+,user,user285400@outlook.com
286,user286,#q+8MsQu4^,user,user286351@outlook.com
287,user287,^o2LhhDEO%,user,user287279@yahoo.com
288,user288,c7Ct)iYx)d,user,user288293@gmail.com
289,user289,ohq5UCq$T@,user,user289362@yahoo.com
290,user290,q_h2GDqDAy,user,user290649@gmail.com
291,user291,d(#9UZ_m6B,user,user291106@outlook.com
292,user292,!4JUt&Oww5,user,user292845@yahoo.com
293,user293,IqQa(MSo@2,user,user293759@gmail.com
294,user294,%#mI8FA&_i,user,user294439@outlook.com
295,user295,2icKRh0O)a,user,user295307@outlook.com
296,user296,Y+w2N&CF_t,user,user296944@yahoo.com
297,user297,x8wX8wl8(2,user,user297381@gmail.com
298,user298,t9SZ_12i_o,user,user298375@yahoo.com
299,user299,b7pnHbLI&0,user,user299135@gmail.com
300,user300,X87KRqqZv@,user,user300821@yahoo.com
301,user301,+q28DRtk26,user,user301521@yahoo.com
302,user302,!8_2kERqkI,user,user302670@gmail.com
303,user303,AB9GaueP*_,user,user303825@outlook.com
304,user304,)DntrMWq3@,user,user304306@outlook.com
305,user305,J&9Xck+O!^,user,user305468@yahoo.com
306,user306,Wi+9ylCjf&,user,user306413@gmail.com
307,user307,NV1dJAwh_o,user,user307400@gmail.com
308,user308,y&4DS%cD(@,user,user308136@gmail.com
309,user309,9NQ0^Kn7*J,user,user309676@yahoo.com
310,user310,inMkVzQv!0,user,user310322@yahoo.com
311,user311,*A#6(Qpbc1,user,user311985@outlook.com
312,user312,l%4@F51qXi,user,user312531@outlook.com
313,user313,gxQp24EV#8,user,user313207@gmail.com
314,user314,KRI%#9*i#7,user,user314671@gmail.com
315,user315,ut_0QXoP1I,user,user315391@gmail.com
316,user316,79VOBCxm%!,user,user316126@gmail.com
317,user317,!^FiNjJDb4,user,user317834@yahoo.com
318,user318,c7)57ZZp$L,user,user318925@gmail.com
319,user319,b7pEW5v9#*,user,user319879@yahoo.com
320,user320,gb$K8Mdu73,user,user320661@gmail.com
321,user321,)88osKzw+j,user,user321221@outlook.com
322,user322,A2#WTKAs_6,user,user322474@gmail.com
323,user323,(@W2bWDT_l,user,user323442@outlook.com
324,user324,i^$83!Qc&+,user,user324331@outlook.com
325,user325,ww0KT3lw$4,user,user325704@yahoo.com
326,user326,@z_lDMQrb9,user,user326692@gmail.com
327,user327,Fq$xK9RutA,user,user327178@gmail.com
328,user328,tL+15GBkvC,user,user328306@outlook.com
329,user329,^(2I&llSX*,user,user329278@outlook.com
330,user330,$2NAulJTux,user,user330229@yahoo.com
331,user331,@X4EXYyGOR,user,user331458@gmail.com
332,user332,*5XDT6El5x,user,user332205@outlook.com
333,user333,$316CksM&3,user,user333470@outlook.com
334,user334,#JY1nS&r9p,user,user334607@gmail.com
335,user335,#8hDtcwLyr,user,user335854@yahoo.com
336,user336,T+8JiTEWNI,user,user336282@yahoo.com
337,user337,+YSM(rp@#7,user,user337151@gmail.com
338,user338,R_tK(6Ku7Z,user,user338257@yahoo.com
339,user339,D4jGqYw+!p,user,user339662@yahoo.com
340,user340,c^Nv0sOrBR,user,user340340@gmail.com
341,user341,dq6yO(jsb@,user,user341722@gmail.com
342,user342,_5t06Cf8Of,user,user342365@gmail.com
343,user343,j2&3Gls_sg,user,user343305@outlook.com
344,user344,!28TmIqjY@,user,user344495@outlook.com
345,user345,w0%BH0sp%4,user,user345667@gmail.com
346,user346,V7N6MnhP#F,user,user346765@outlook.com
347,user347,+m(Ou5tDJ6,user,user347110@yahoo.com
348,user348,S62MkmHS#x,user,user348975@gmail.com
349,user349,)cN2FX5i*3,user,user349593@yahoo.com
350,user350,Heu+1bJx*+,user,user350479@yahoo.com
351,user351,U^^96Nykwz,user,user351870@outlook.com
352,user352,9U!U)9cI#s,user,user352539@gmail.com
353,user353,%fhm2TTm_i,user,user353785@yahoo.com
354,user354,+M5VQ^ksZ2,user,user354397@yahoo.com
355,user355,E)4qIilMIV,user,user355352@gmail.com
356,user356,GMB9_%hdk^,user,user356982@gmail.com
357,user357,b@4AZdrGhh,user,user357141@yahoo.com
358,user358,n*7eF3!GDw,user,user358189@yahoo.com
359,user359,*&PretMor3,user,user359691@gmail.com
360,user360,b814VcX*@y,user,user360687@gmail.com
361,user361,$1C@5SQdI@,user,user361125@outlook.com
362,user362,$%z)XXcEs8,user,user362464@yahoo.com
363,user363,#5pDQjL2qw,user,user363654@outlook.com
364,user364,lg3LE%qp5&,user,user364130@gmail.com
365,user365,szf5EyRx&X,user,user365194@outlook.com
366,user366,b2TK&*)I!^,user,user366441@outlook.com
367,user367,X@7Qv94TRq,user,user367420@outlook.com
368,user368,@U4E(t&y2!,user,user368386@gmail.com
369,user369,_Ow4QwIi6n,user,user369423@gmail.com
370,user370,1ahWBpbr@t,user,user370238@gmail.com
371,user371,V6&bmR_w$V,user,user371768@outlook.com
372,user372,22chyBt9#y,user,user372561@outlook.com
373,user373,*qd1CXoJ55,user,user373491@gmail.com
374,user374,I_c74ZyQn^,user,user374714@yahoo.com
375,user375,)@RMJ(lf2c,user,user375261@outlook.com
376,user376,ry5T%Y4u*0,user,user376924@yahoo.com
377,user377,+29db2Q*kP,user,user377806@outlook.com
378,user378,#Lsh$Cgkt0,user,user378311@gmail.com
379,user379,@r4Xg9(TmT,user,user379832@gmail.com
380,user380,_85k$HonVr,user,user380549@yahoo.com
381,user381,M((2xYOwE0,user,user381463@yahoo.com
382,user382,cB6A0vS8+E,user,user382374@gmail.com
383,user383,_hUfEeFdO0,user,user383186@yahoo.com
384,user384,#5OjJeAgue,user,user384570@gmail.com
385,user385,@9^EIs$Q_0,user,user385591@yahoo.com
386,user386,CH7aMjJpV@,user,user386323@gmail.com
387,user387,@hRtw&*OW0,user,user387808@outlook.com
388,user388,nL%3YTIaN(,user,user388925@gmail.com
389,user389,D(tC3LaXL),user,user389130@outlook.com
390,user390,rE&9Oy%!s8,user,user390629@yahoo.com
391,user391,oZ04MyN*E@,user,user391597@outlook.com
392,user392,%hERer2d44,user,user392688@outlook.com
393,user393,%6TIHZTcZW,user,user393754@yahoo.com
394,user394,L$O3M!vbc+,user,user394662@yahoo.com
395,user395,7F(Gn4bg)%,user,user395727@outlook.com
396,user396,C0+UC5dz@_,user,user396931@yahoo.com
397,user397,47QB*IOa*I,user,user397779@yahoo.com
398,user398,&fAWVj$dM7,user,user398355@yahoo.com
399,user399,*_9P6eotF5,user,user399585@yahoo.com
400,user400,*5)Eb$b)uv,user,user400361@outlook.com
401,user401,@%KNL%3g!3,user,user401349@yahoo.com
402,user402,_M00YVyVo5,user,user402864@yahoo.com
403,user403,%&9Q&ykpim,user,user403843@yahoo.com
404,user404,*3HG*Q1yHX,user,user404241@yahoo.com
405,user405,H2*HTJKn&v,user,user405742@outlook.com
406,user406,i^fz7Vnwjt,user,user406182@outlook.com
407,user407,%cGl0AOb!Z,user,user407855@outlook.com
408,user408,33yPML1r)N,user,user408202@gmail.com
409,user409,o$*1AUfmpO,user,user409398@gmail.com
410,user410,XA6nx9#xZ@,user,user410960@yahoo.com
411,user411,(jZ4LGbx!z,user,user411843@outlook.com
412,user412,SMTO53Uo@6,user,user412988@outlook.com
413,user413,1IYnVm!Q%4,user,user413252@gmail.com
414,user414,rufw6Mdr$h,user,user414446@yahoo.com
415,user415,!390IJQpmv,user,user415740@gmail.com
416,user416,m91Cwvecz@,user,user416528@gmail.com
417,user417,_0X*W7EqcG,user,user417675@gmail.com
418,user418,J(3K@ky(ma,user,user418944@gmail.com
419,user419,@h9hf1Hh%4,user,user419488@outlook.com
420,user420,!M3AuLKw_&,user,user420773@outlook.com
421,user421,#7RsTtr!1T,user,user421839@yahoo.com
422,user422,ZXdF3@Ro^m,user,user422723@yahoo.com
423,user423,E5CpBVAo!h,user,user423786@gmail.com
424,user424,_uL0NfhMd1,user,user424440@outlook.com
425,user425,9uyG8Ym4U$,user,user425435@outlook.com
426,user426,GoLJhS7P$8,user,user426666@gmail.com
427,user427,^h4VoYc+zR,user,user427509@outlook.com
428,user428,!G3zARKtCt,user,user428280@outlook.com
429,user429,7tj7KIXt@I,user,user429589@outlook.com
430,user430,kkZug6kZ&7,user,user430385@gmail.com
431,user431,@8Z&ZO6Mi1,user,user431882@outlook.com
432,user432,o3d3REls#M,user,user432313@yahoo.com
433,user433,m$e5XXvs*o,user,user433986@outlook.com
434,user434,t_1@8DpCRn,user,user434258@yahoo.com
435,user435,@hM0Lrya7d,user,user435749@gmail.com
436,user436,dO3Ht2xF+%,user,user436233@outlook.com
437,user437,rPRF8qkxy*,user,user437759@yahoo.com
438,user438,@3IEazuuNr,user,user438510@gmail.com
439,user439,q+1GWEuc6),user,user439430@gmail.com
440,user440,naKMOJ9w(0,user,user440369@gmail.com
441,user441,@4Hk(H$%68,user,user441388@gmail.com
442,user442,^uY3UmjDjb,user,user442173@yahoo.com
443,user443,(5TXC5PpZh,user,user443761@outlook.com
444,user444,&3$7IwyTwb,user,user444976@gmail.com
445,user445,H5YByBsp@a,user,user445854@yahoo.com
446,user446,5U4bCOjM%o,user,user446587@yahoo.com
447,user447,FZ8nX&ce&#,user,user447487@outlook.com
448,user448,c7Hwsbc6_8,user,user448710@yahoo.com
449,user449,n8x9xYif^1,user,user449507@gmail.com
450,user450,B04UZWlY_&,user,user450922@yahoo.com
451,user451,9$(KS7nr6F,user,user451803@yahoo.com
452,user452,@12Z#Cvp8n,user,user452998@outlook.com
453,user453,LdyZgWV+)2,user,user453772@outlook.com
454,user454,SK3SWFc(q@,user,user454672@outlook.com
455,user455,O!1ZBtIf+2,user,user455898@yahoo.com
456,user456,wuW$+NO7U@,user,user456625@gmail.com
457,user457,4+&91DNkzH,user,user457674@gmail.com
458,user458,B^y3LxQrBt,user,user458989@gmail.com
459,user459,29%DevgC$v,user,user459136@outlook.com
460,user460,bRm9Jy)I**,user,user460587@outlook.com
461,user461,Ua7VtFvJ$0,user,user461612@outlook.com
462,user462,q!2ZzAy5&E,user,user462851@gmail.com
463,user463,gRXNMqPx@2,user,user463178@yahoo.com
464,user464,(#7RzINK#f,user,user464756@outlook.com
465,user465,k^5CGcUn_J,user,user465885@yahoo.com
466,user466,o)P%YOJ3st,user,user466877@yahoo.com
467,user467,2xeAN0Nob+,user,user467940@gmail.com
468,user468,2M(9&FsMfY,user,user468771@gmail.com
469,user469,U^*7QwFFRq,user,user469254@yahoo.com
470,user470,i8@OMiDa#1,user,user470263@gmail.com
471,user471,)u80JZiiye,user,user471292@gmail.com
472,user472,+z6KM1!mlL,user,user472681@gmail.com
473,user473,+lnH4HZg&y,user,user473696@outlook.com
474,user474,s68Fa5US+!,user,user474818@yahoo.com
475,user475,S94BlcMd#U,user,user475714@gmail.com
476,user476,KGJqt4_x+2,user,user476830@outlook.com
477,user477,WQb01B7c8$,user,user477794@yahoo.com
478,user478,g3vEi(Dz+M,user,user478353@gmail.com
479,user479,+9K+zr4g5r,user,user479731@yahoo.com
480,user480,1D97Fpiy#s,user,user480466@gmail.com
481,user481,%fPwUPUJj4,user,user481756@yahoo.com
482,user482,2q7PZ0ge7^,user,user482577@gmail.com
483,user483,+Nn49O^nGe,user,user483180@yahoo.com
484,user484,$Uh1CSJrGj,user,user484182@yahoo.com
485,user485,v5^x6Bj6+r,user,user485586@yahoo.com
486,user486,#dj85OdvJb,user,user486352@gmail.com
487,user487,@0ajEgNg(%,user,user487598@gmail.com
488,user488,aK)9*Zf70K,user,user488777@yahoo.com
489,user489,63PBr*Eh*D,user,user489449@gmail.com
490,user490,%cZQh0H^l7,user,user490365@gmail.com
491,user491,7wZ4S3l($6,user,user491924@yahoo.com
492,user492,f@!9VbeK3k,user,user492958@outlook.com
493,user493,13Es^dSL!A,user,user493855@outlook.com
494,user494,YLuIU^*r)2,user,user494382@outlook.com
495,user495,1ejFZ!s6#6,user,user495993@yahoo.com
496,user496,Nm_hI3Ja5_,user,user496382@gmail.com
497,user497,X*Tj2Ujz*R,user,user497731@gmail.com
498,user498,)akPg4+4Z5,user,user498683@yahoo.com
499,user499,se98Kuq4%@,user,user499413@yahoo.com
500,user500,!56Mrvlt3I,user,user500903@yahoo.com
501,user501,(6gW5)Qq!*,user,user501443@gmail.com
502,user502,#I71*ZhgU2,user,user502109@gmail.com
503,user503,AhXyfqab#2,user,user503439@yahoo.com
504,user504,fK2JQ7(xA),user,user504987@outlook.com
505,user505,$73VyQJnD@,user,user505755@outlook.com
506,user506,A#j3FmC4!4,user,user506630@outlook.com
507,user507,*0h7eBc#GD,user,user507737@outlook.com
508,user508,I2GWkGng$@,user,user508302@yahoo.com
509,user509,j#h)i5Hz^E,user,user509495@yahoo.com
510,user510,N03U_v9z&@,user,user510755@yahoo.com
511,user511,B*8_3SOv+b,user,user511679@gmail.com
512,user512,v@8nG9YgUA,user,user512832@gmail.com
513,user513,#qKYViArB0,user,user513646@yahoo.com
514,user514,eRHt57vq@4,user,user514457@gmail.com
515,user515,ABBZHty&*7,user,user515444@outlook.com
516,user516,(72yyKKm@+,user,user516130@yahoo.com
517,user517,a0S2NUqg_1,user,user517864@gmail.com
518,user518,7^zFVg+L%E,user,user518438@yahoo.com
519,user519,FO2Hs9pS0!,user,user519797@outlook.com
520,user520,b+8K4Ido4A,user,user520643@yahoo.com
521,user521,!4IahBd3lG,user,user521271@outlook.com
522,user522,(BXOz4Fx_W,user,user522245@gmail.com
523,user523,M134S6b&_L,user,user523928@outlook.com
524,user524,!c3HJiCf$i,user,user524331@gmail.com
525,user525,ag2eT*&@J$,user,user525767@yahoo.com
526,user526,KmC(w4Rr@6,user,user526998@outlook.com
527,user527,k6J8FC&A#N,user,user527655@outlook.com
528,user528,_9GOF(Tdi#,user,user528207@outlook.com
529,user529,Sm!f6E6n#%,user,user529899@outlook.com
530,user530,z4Z9mzm4@d,user,user530121@gmail.com
531,user531,m_hn2UZl+&,user,user531357@yahoo.com
532,user532,+GAc^NkcN1,user,user532190@gmail.com
533,user533,DM9&o^AuC@,user,user533488@gmail.com
534,user534,7VtKyXtx^C,user,user534596@gmail.com
535,user535,!@NCWaAfm5,user,user535679@gmail.com
536,user536,&X)UCnWhV8,user,user536433@gmail.com
537,user537,r*j78Bm(!_,user,user537368@yahoo.com
538,user538,%KVVpHqM4Q,user,user538463@outlook.com
539,user539,aM2_)D)r&+,user,user539289@yahoo.com
540,user540,&3JXliiaZv,user,user540413@outlook.com
541,user541,cb6LiPsWm+,user,user541343@outlook.com
542,user542,1A0JDHvb_%,user,user542122@gmail.com
543,user543,&j3TfWcB!u,user,user543834@yahoo.com
544,user544,o58QEYU+!),user,user544388@outlook.com
545,user545,#6PUjoQ+v8,user,user545634@gmail.com
546,user546,ET)72W&o*@,user,user546194@yahoo.com
547,user547,Gxc%1fG%q$,user,user547468@gmail.com
548,user548,a_nn9E+kTR,user,user548427@yahoo.com
549,user549,P4#Vq%rh(v,user,user549885@outlook.com
550,user550,Xq+5fR2yca,user,user550356@yahoo.com
551,user551,*40Q)DqQpx,user,user551117@gmail.com
552,user552,_1YS_HTwp+,user,user552419@gmail.com
553,user553,fV)zYrHC$8,user,user553536@outlook.com
554,user554,)PWCOxaaA9,user,user554605@yahoo.com
555,user555,ZO34eXbq_9,user,user555881@gmail.com
556,user556,7+AK$ge+#9,user,user556589@gmail.com
557,user557,&3A$Zqzj+M,user,user557408@outlook.com
558,user558,*KRx!3HzNJ,user,user558119@outlook.com
559,user559,mx!0V*Dc7c,user,user559394@yahoo.com
560,user560,@oL3wCfxsS,user,user560874@yahoo.com
561,user561,yS8+DW9o8+,user,user561169@yahoo.com
562,user562,w(1@LgC6KY,user,user562122@yahoo.com
563,user563,!O4GFaBlO2,user,user563819@yahoo.com
564,user564,%gTri4b3W4,user,user564412@yahoo.com
565,user565,%o&e*J_mE4,user,user565806@yahoo.com
566,user566,Pl6I^pkF@3,user,user566398@gmail.com
567,user567,%16NQvida4,user,user567536@yahoo.com
568,user568,p)9Wq2p#RE,user,user568369@outlook.com
569,user569,d+A&21Qzdr,user,user569217@yahoo.com
570,user570,$2AoDhI)zt,user,user570877@yahoo.com
571,user571,%2ZeJLkb(6,user,user571989@gmail.com
572,user572,fR8nX$qbw#,user,user572550@gmail.com
573,user573,X4XVOCul)J,user,user573368@outlook.com
574,user574,r1Ta!B0a(3,user,user574161@outlook.com
575,user575,6gL6IHYw*1,user,user575655@outlook.com
576,user576,O8s#P8Rbg*,user,user576599@yahoo.com
577,user577,y+C4jRk1qU,user,user577840@gmail.com
578,user578,r6NpydcE^8,user,user578465@gmail.com
579,user579,Nz35lJB0t@,user,user579475@outlook.com
580,user580,gB3RHEhc6$,user,user580509@yahoo.com
581,user581,vE0^TWyr+(,user,user581583@yahoo.com
582,user582,SE!(5Ows#i,user,user582291@yahoo.com
583,user583,+nz3GtjyS*,user,user583797@gmail.com
584,user584,7YgMBqFx#v,user,user584723@yahoo.com
585,user585,!zqmF8Xgn9,user,user585368@yahoo.com
586,user586,%63UDNOuwf,user,user586462@outlook.com
587,user587,128ZuEo_^t,user,user587642@outlook.com
588,user588,43Ct9a^A_n,user,user588569@outlook.com
589,user589,+AxA5GlT0u,user,user589321@outlook.com
590,user590,_u7EC&$cN^,user,user590441@gmail.com
591,user591,$sXKDmR8d6,user,user591856@outlook.com
592,user592,1bL)^Ud3_8,user,user592750@outlook.com
593,user593,&%815fBn%P,user,user593940@outlook.com
594,user594,3#2DQP3pst,user,user594192@gmail.com
595,user595,SpNS9fEk6&,user,user595495@gmail.com
596,user596,B!2Yddxd)*,user,user596290@outlook.com
597,user597,s^y7TioTs!,user,user597115@yahoo.com
598,user598,+7TSRv&QPY,user,user598748@gmail.com
599,user599,Hv0_5Hsjc),user,user599906@gmail.com
600,user600,x35VdBNE#Z,user,user600367@yahoo.com
601,user601,@n_7CeNcGI,user,user601975@outlook.com
602,user602,qLmlRiVG*4,user,user602696@gmail.com
603,user603,2JG68ECmL@,user,user603448@gmail.com
604,user604,Og+!w0BiJv,user,user604427@yahoo.com
605,user605,0(LVa5OxAR,user,user605603@yahoo.com
606,user606,ViMwrk$t*1,user,user606321@yahoo.com
607,user607,k88wBxmp((,user,user607705@outlook.com
608,user608,lk9BuyM4#Y,user,user608748@yahoo.com
609,user609,%0VEBGSd_4,user,user609169@gmail.com
610,user610,f5#9BpvnGi,user,user610655@gmail.com
611,user611,&5O7yY5o)s,user,user611214@outlook.com
612,user612,*vYGnz)$4R,user,user612807@gmail.com
613,user613,g^#4Z_nuP3,user,user613792@yahoo.com
614,user614,#FiTMdu4+7,user,user614508@yahoo.com
615,user615,Z(0Lkha*^!,user,user615962@yahoo.com
616,user616,)irAfKIra4,user,user616546@yahoo.com
617,user617,8kLl2ab*^8,user,user617309@yahoo.com
618,user618,)(1Yjd4le@,user,user618246@gmail.com
619,user619,_7JHsy0zsi,user,user619636@gmail.com
620,user620,DGh01!1j^),user,user620701@gmail.com
621,user621,!afhHYVwt1,user,user621500@yahoo.com
622,user622,*!$Ibh#UT0,user,user622744@outlook.com
623,user623,xqeI7hIt@9,user,user623692@gmail.com
624,user624,3FxLudX@!3,user,user624680@yahoo.com
625,user625,P22yXCf%^5,user,user625768@yahoo.com
626,user626,3%d9XLUd0n,user,user626675@gmail.com
627,user627,k5I9Eru4F_,user,user627520@outlook.com
628,user628,_9$Zcb$*aZ,user,user628414@gmail.com
629,user629,5OeAnSWq&A,user,user629634@yahoo.com
630,user630,$bZe@P&c(0,user,user630145@gmail.com
631,user631,88QOFrjm#W,user,user631845@gmail.com
632,user632,!3SxsqUct8,user,user632651@yahoo.com
633,user633,A7YQqIgQ(b,user,user633427@yahoo.com
634,user634,#Lx6X^$j+W,user,user634994@yahoo.com
635,user635,^T13!Uvcle,user,user635390@outlook.com
636,user636,zlVOcS6R+9,user,user636458@outlook.com
637,user637,Lj5vnUhnF@,user,user637353@outlook.com
638,user638,2t1F@FAf1!,user,user638493@outlook.com
639,user639,zv@$7Upe%*,user,user639401@yahoo.com
640,user640,%R9aOGqs23,user,user640600@yahoo.com
641,user641,#vUjTl^!T2,user,user641441@outlook.com
642,user642,v*%Q0JcWwG,user,user642669@gmail.com
643,user643,t$KPlm+z!9,user,user643648@outlook.com
644,user644,0@4RdF%mc$,user,user644339@outlook.com
645,user645,##jAj5Ii12,user,user645838@yahoo.com
646,user646,h7L*7Tq1&J,user,user646979@gmail.com
647,user647,YZM#q3Ds$h,user,user647417@gmail.com
648,user648,3ALaaitw+#,user,user648851@yahoo.com
649,user649,8yHkkPaj+^,user,user649763@gmail.com
650,user650,J8SEy8i7@8,user,user650790@gmail.com
651,user651,F7zlOjCF(u,user,user651201@gmail.com
652,user652,(83&QA%tAh,user,user652378@yahoo.com
653,user653,oMcM^a*@)2,user,user653405@gmail.com
654,user654,7aXQV2ky+_,user,user654933@yahoo.com
655,user655,!@4GC0dd48,user,user655207@outlook.com
656,user656,Y8_9!UWhL!,user,user656489@yahoo.com
657,user657,dG6PM9fgQ$,user,user657614@gmail.com
658,user658,4TRs32jg+8,user,user658302@outlook.com
659,user659,yQ5KBsgz^J,user,user659265@yahoo.com
660,user660,!8YePrhyZe,user,user660743@yahoo.com
661,user661,k4*Yk$b8*w,user,user661263@gmail.com
662,user662,PZ0AyfneW^,user,user662323@yahoo.com
663,user663,H^690Bc2vi,user,user663487@yahoo.com
664,user664,8Xg1Vmqx%L,user,user664608@gmail.com
665,user665,&zD2Rvq$$6,user,user665918@yahoo.com
666,user666,(vD1J_qfHd,user,user666383@outlook.com
667,user667,^a6#ZPGw%h,user,user667991@gmail.com
668,user668,xa%iCYxe(9,user,user668319@yahoo.com
669,user669,^bQqGCtA2u,user,user669949@yahoo.com
670,user670,*Co(3BgjA0,user,user670166@outlook.com
671,user671,N_1rxPq*hF,user,user671579@outlook.com
672,user672,_5WSe9dObq,user,user672500@yahoo.com
673,user673,uNc0cTwHA+,user,user673179@outlook.com
674,user674,c&0LgVj*pz,user,user674251@gmail.com
675,user675,cY0WJ0Dt@p,user,user675154@gmail.com
676,user676,)06HKCKkO3,user,user676484@yahoo.com
677,user677,BaNj2U0w5+,user,user677448@yahoo.com
678,user678,#1y$W*rqNd,user,user678131@outlook.com
679,user679,_W8TIi)md^,user,user679657@gmail.com
680,user680,JT8YVFroL&,user,user680307@yahoo.com
681,user681,R5LIxhUR+8,user,user681543@gmail.com
682,user682,Le31A!waR^,user,user682311@yahoo.com
683,user683,tap)x1SyhD,user,user683422@outlook.com
684,user684,p_2Ylg@q*k,user,user684794@outlook.com
685,user685,91D+gRk&#Y,user,user685503@yahoo.com
686,user686,%1CKZdvAif,user,user686743@yahoo.com
687,user687,mHJ1c1lgv&,user,user687806@yahoo.com
688,user688,+VYik!6gP4,user,user688498@outlook.com
689,user689,^22EpV1ohS,user,user689372@yahoo.com
690,user690,(4J^vi@6+A,user,user690718@gmail.com
691,user691,*9oSu5z##m,user,user691286@outlook.com
692,user692,PR1p9Ia*7@,user,user692111@yahoo.com
693,user693,w$3AM+Nzl1,user,user693898@yahoo.com
694,user694,^1PZkFdu1q,user,user694212@gmail.com
695,user695,4b%B+JzY@S,user,user695494@outlook.com
696,user696,5BBPuLWm&e,user,user696366@gmail.com
697,user697,Y&q*7rd)5J,user,user697893@outlook.com
698,user698,*@xCXTmS2y,user,user698586@outlook.com
699,user699,$#G5$XXuBw,user,user699769@outlook.com
700,user700,B_%7dIHt^G,user,user700463@gmail.com
701,user701,@91IWrHa4P,user,user701665@yahoo.com
702,user702,&Ps0IjW(S&,user,user702988@outlook.com
703,user703,GQ+Vxj2d&6,user,user703257@yahoo.com
704,user704,o0q8kNi3+l,user,user704131@yahoo.com
705,user705,8RS053nkP!,user,user705105@gmail.com
706,user706,+5U+(McnFA,user,user706898@gmail.com
707,user707,5LVGwFR%*5,user,user707177@yahoo.com
708,user708,XJ@66YTn$Y,user,user708965@yahoo.com
709,user709,lBF2tMAl$V,user,user709457@yahoo.com
710,user710,&0IoY9Pny#,user,user710610@yahoo.com
711,user711,&gL#E+G53n,user,user711454@outlook.com
712,user712,R68VM&gLO!,user,user712773@gmail.com
713,user713,s2BySSyx&U,user,user713847@outlook.com
714,user714,aqzM1Sb3)M,user,user714270@yahoo.com
715,user715,$YMTxybw5l,user,user715409@outlook.com
716,user716,%wu0P6Ql^*,user,user716927@outlook.com
717,user717,D)9l1DFzsS,user,user717441@outlook.com
718,user718,vN5AqZdR%_,user,user718908@yahoo.com
719,user719,X#u!E5Wy9^,user,user719554@outlook.com
720,user720,1$70MeV)uw,user,user720196@yahoo.com
721,user721,&3Q1$JCvYy,user,user721344@gmail.com
722,user722,103Ab@)C^W,user,user722160@outlook.com
723,user723,u#B1p1X_#l,user,user723221@yahoo.com
724,user724,&8vZuxXM5c,user,user724155@outlook.com
725,user725,1+(7NJ(mrx,user,user725613@gmail.com
726,user726,y0lRX6zo_@,user,user726336@yahoo.com
727,user727,D4MJhjjj%5,user,user727847@gmail.com
728,user728,$^srYHjw26,user,user728360@gmail.com
729,user729,xm0KR@xf(E,user,user729837@outlook.com
730,user730,$gq$Uf)I03,user,user730919@yahoo.com
731,user731,*#5wQ5Tv7@,user,user731802@outlook.com
732,user732,o)z3eIsjGD,user,user732367@outlook.com
733,user733,F+UN1Hbq(2,user,user733562@outlook.com
734,user734,Je1VwRb1&%,user,user734277@yahoo.com
735,user735,)@91PqmUd#,user,user735676@gmail.com
736,user736,+0iYrjl*7g,user,user736687@yahoo.com
737,user737,mj7Sx^cQL&,user,user737616@yahoo.com
738,user738,)QVOkilkj6,user,user738917@gmail.com
739,user739,NaC1QoOtu&,user,user739757@yahoo.com
740,user740,SdzY1DcCd),user,user740282@gmail.com
741,user741,9O42C!Pp(l,user,user741365@yahoo.com
742,user742,D^1lGoeFZH,user,user742408@yahoo.com
743,user743,R2fNTenO*K,user,user743334@gmail.com
744,user744,)3BvJBIb)N,user,user744924@yahoo.com
745,user745,x#^9WAck0i,user,user745187@yahoo.com
746,user746,**7AldRrlK,user,user746782@gmail.com
747,user747,1lH9L@v^&e,user,user747894@outlook.com
748,user748,Q#(8T+PfkG,user,user748381@yahoo.com
749,user749,aCC4P0Am+8,user,user749635@outlook.com
750,user750,w#01Mpkz!S,user,user750367@yahoo.com
751,user751,!ySjID6XL2,user,user751219@outlook.com
752,user752,2O1GhlHg%$,user,user752845@outlook.com
753,user753,)BQw5Eoqye,user,user753582@gmail.com
754,user754,A1TYq&Tu^6,user,user754649@outlook.com
755,user755,5!w1Q1TmCH,user,user755966@outlook.com
756,user756,IQASy99b+0,user,user756730@yahoo.com
757,user757,3+rKxNeE@T,user,user757380@outlook.com
758,user758,SkY7G#bpH),user,user758508@outlook.com
759,user759,yB0(9VtpGC,user,user759591@gmail.com
760,user760,7$6IMrNi+u,user,user760970@yahoo.com
761,user761,*JwyQV1x3L,user,user761781@outlook.com
762,user762,*8#Lq%#GCR,user,user762167@outlook.com
763,user763,+_wn7IZtya,user,user763598@gmail.com
764,user764,^l*sFBzv2S,user,user764816@gmail.com
765,user765,TJ_1Kgy4Pu,user,user765921@gmail.com
766,user766,KEEkGpSf@7,user,user766576@gmail.com
767,user767,r%8lZQlMH*,user,user767146@outlook.com
768,user768,G^R#4IDzDk,user,user768126@gmail.com
769,user769,#u^qkE(q2&,user,user769181@outlook.com
770,user770,^3TpX1_iW7,user,user770986@outlook.com
771,user771,_#B#0B1y)5,user,user771612@outlook.com
772,user772,Lb0s)I!rO_,user,user772114@gmail.com
773,user773,fNMI0Suw)1,user,user773597@gmail.com
774,user774,)&ZhQoWw*6,user,user774131@gmail.com
775,user775,(5queYft#Z,user,user775503@yahoo.com
776,user776,!K4H#Xh4*&,user,user776248@outlook.com
777,user777,Qi9F_nsdJ&,user,user777285@outlook.com
778,user778,a&s3X6Gh+t,user,user778986@outlook.com
779,user779,G6FsDTlJ#_,user,user779286@yahoo.com
780,user780,uLeW7Pge@9,user,user780434@yahoo.com
781,user781,1vfBk3x7#S,user,user781408@gmail.com
782,user782,_1nMKQLmyq,user,user782985@gmail.com
783,user783,)$0Ro*Uwcl,user,user783691@gmail.com
784,user784,+ZL6g4$pu_,user,user784410@outlook.com
785,user785,_j0vRtYprs,user,user785411@outlook.com
786,user786,)v8CIBhU$0,user,user786567@outlook.com
787,user787,zG_1cIKwEI,user,user787526@gmail.com
788,user788,+2Cn!c_bXu,user,user788824@outlook.com
789,user789,@8gmOGss2y,user,user789186@gmail.com
790,user790,$P8G#qb5K6,user,user790591@outlook.com
791,user791,0RgB0$Gz(_,user,user791202@gmail.com
792,user792,+oFsC7Zc15,user,user792981@yahoo.com
793,user793,(I25Bvf4#F,user,user793960@gmail.com
794,user794,+2@Df86f1E,user,user794736@outlook.com
795,user795,@d49%Em897,user,user795674@yahoo.com
796,user796,#JRnSLjq%6,user,user796689@yahoo.com
797,user797,GlFcYlZ@*6,user,user797886@gmail.com
798,user798,D+Bp8zXfU),user,user798980@gmail.com
799,user799,%4dmuGbRHZ,user,user799266@yahoo.com
800,user800,w*hKs8Xjlb,user,user800530@yahoo.com
801,user801,)LBme)sM!5,user,user801227@gmail.com
802,user802,RNy%5A+zyk,user,user802641@outlook.com
803,user803,&nO1%m2z+3,user,user803734@yahoo.com
804,user804,i$5_TkRN!6,user,user804753@outlook.com
805,user805,%zk2Y2n576,user,user805848@outlook.com
806,user806,*Xu3JEFw#3,user,user806945@outlook.com
807,user807,^SIxfMtm2s,user,user807590@outlook.com
808,user808,qYYQmH#p*4,user,user808432@outlook.com
809,user809,4JW*29(sx#,user,user809392@gmail.com
810,user810,_of2Efii)b,user,user810214@outlook.com
811,user811,yeS6JR*n$p,user,user811795@yahoo.com
812,user812,&dYUK8u5e5,user,user812557@outlook.com
813,user813,W@0^Y)b@mf,user,user813388@outlook.com
814,user814,!MRPVnnU2q,user,user814269@gmail.com
815,user815,iL7TJcrVw@,user,user815281@outlook.com
816,user816,8gs5oCq9K+,user,user816834@yahoo.com
817,user817,Cj3Ea)gqU^,user,user817539@gmail.com
818,user818,0*1_GFuX1y,user,user818282@gmail.com
819,user819,)aZzIkww35,user,user819141@gmail.com
820,user820,%5PQzfhg+2,user,user820736@gmail.com
821,user821,$47XG#po1i,user,user821617@yahoo.com
822,user822,3#Om5%HaP#,user,user822235@yahoo.com
823,user823,)#yCQ+cs4*,user,user823233@outlook.com
824,user824,21D5VXv!*w,user,user824180@gmail.com
825,user825,aSc)2DaG)#,user,user825243@outlook.com
826,user826,+6X1Xrbo^A,user,user826172@outlook.com
827,user827,)8XHZbie@K,user,user827507@outlook.com
828,user828,b3vBrp_s_O,user,user828152@outlook.com
829,user829,ze9^KJy$t!,user,user829252@yahoo.com
830,user830,(+$F2mQdO6,user,user830421@outlook.com
831,user831,+hE7RB&54t,user,user831717@outlook.com
832,user832,Jf8DgqR7#9,user,user832187@yahoo.com
833,user833,qCT1eT&s5$,user,user833786@gmail.com
834,user834,p0Qpt&Px&X,user,user834628@yahoo.com
835,user835,o^5!Ik6Vj@,user,user835828@gmail.com
836,user836,ES)t2WdTN+,user,user836818@gmail.com
837,user837,$!45VItJX!,user,user837611@yahoo.com
838,user838,_4FcHHFz!B,user,user838302@yahoo.com
839,user839,hl($o6On*N,user,user839871@gmail.com
840,user840,^NHBn1cZN1,user,user840975@gmail.com
841,user841,(8Azq1gk#L,user,user841430@yahoo.com
842,user842,2kH@GQv@@$,user,user842534@gmail.com
843,user843,(qv0D7Hf@r,user,user843707@outlook.com
844,user844,LJUI3EYd_j,user,user844807@outlook.com
845,user845,c8DQqpsO_M,user,user845934@yahoo.com
846,user846,t1#ew6Ej$y,user,user846368@outlook.com
847,user847,%HrUVgpuk6,user,user847493@outlook.com
848,user848,&FO5$Vv6fC,user,user848316@outlook.com
849,user849,$(8ZvlChOE,user,user849951@yahoo.com
850,user850,ehb()9RuJa,user,user850663@outlook.com
851,user851,W$4SwlQduA,user,user851897@outlook.com
852,user852,u^VbW3ELhj,user,user852800@gmail.com
853,user853,3j4lYkCql#,user,user853759@outlook.com
854,user854,^IJCOGMgA5,user,user854125@gmail.com
855,user855,r#8BeJe4Pd,user,user855428@gmail.com
856,user856,Y+mW9Mo41c,user,user856394@gmail.com
857,user857,(r4D^dhnB+,user,user857375@yahoo.com
858,user858,+xI*pdqba9,user,user858739@yahoo.com
859,user859,7Cw@26#kR*,user,user859432@outlook.com
860,user860,No5EIc3t*3,user,user860545@outlook.com
861,user861,v%5)jMJs)@,user,user861528@outlook.com
862,user862,tySVBrTe_1,user,user862480@outlook.com
863,user863,u%l3UhrkkW,user,user863818@outlook.com
864,user864,V^0TLRTkuY,user,user864694@gmail.com
865,user865,_$!Uh1Nr#k,user,user865862@gmail.com
866,user866,z$0SzRCX_C,user,user866965@yahoo.com
867,user867,@B2&*Ad99z,user,user867278@gmail.com
868,user868,&TxJdLTw9F,user,user868732@yahoo.com
869,user869,yx3IF6Ki#F,user,user869496@yahoo.com
870,user870,BtT#V1ExeA,user,user870369@outlook.com
871,user871,1r9qVT$rZ%,user,user871397@yahoo.com
872,user872,&LmjtAmA*0,user,user872197@gmail.com
873,user873,)7ADdigCfH,user,user873402@yahoo.com
874,user874,+i7bXU#fq8,user,user874334@outlook.com
875,user875,+zOzRWL643,user,user875269@yahoo.com
876,user876,##1GKEok%^,user,user876195@outlook.com
877,user877,*8A7J#ZxYf,user,user877972@gmail.com
878,user878,p_%g1Hcr$o,user,user878304@outlook.com
879,user879,SP2g$Fwi(X,user,user879986@yahoo.com
880,user880,aBAGP8bk^2,user,user880419@yahoo.com
881,user881,s$007P8vh),user,user881919@gmail.com
882,user882,L1YVvU6n(P,user,user882689@outlook.com
883,user883,8UBE&jmn@D,user,user883529@gmail.com
884,user884,$EOd9GoX)7,user,user884205@gmail.com
885,user885,bVz)8JHeLQ,user,user885540@yahoo.com
886,user886,+99&x&Ch&_,user,user886883@yahoo.com
887,user887,Ec!9El3^e*,user,user887943@outlook.com
888,user888,P8^UAdi1!*,user,user888818@yahoo.com
889,user889,&1njDuUz#b,user,user889191@outlook.com
890,user890,P7pXvukj*#,user,user890834@yahoo.com
891,user891,4+jZ@8Al@7,user,user891615@gmail.com
892,user892,CLTT+zQ)^1,user,user892256@gmail.com
893,user893,&9!LqsTeh),user,user893922@yahoo.com
894,user894,F%0x0hZzRI,user,user894872@outlook.com
895,user895,3CNC7iCh$Q,user,user895509@gmail.com
896,user896,%6gfhXGke0,user,user896954@gmail.com
897,user897,0RFMq2Fg@4,user,user897966@outlook.com
898,user898,zvWF0AaB&J,user,user898167@outlook.com
899,user899,#8KJ9CoBcY,user,user899620@yahoo.com
900,user900,%!0Wb+Nh^(,user,user900494@gmail.com
901,user901,&$2PTGfkJ(,user,user901512@outlook.com
902,user902,!ExljeBjX8,user,user902941@gmail.com
903,user903,jhqBCRlZ+0,user,user903957@outlook.com
904,user904,r%6Sj&MwPJ,user,user904543@yahoo.com
905,user905,@95W!*mGOY,user,user905314@yahoo.com
906,user906,N6)U6AddB!,user,user906753@gmail.com
907,user907,h**A79Hc6L,user,user907549@yahoo.com
908,user908,SB$y3AcaKi,user,user908756@outlook.com
909,user909,^7W1AJyW#9,user,user909660@outlook.com
910,user910,a%3Mq^gUn5,user,user910151@yahoo.com
911,user911,#SE+N4Hs(M,user,user911147@yahoo.com
912,user912,_2&XV(qgev,user,user912462@outlook.com
913,user913,#B%T7SNrJ(,user,user913706@outlook.com
914,user914,lE^1Bkbq!6,user,user914498@outlook.com
915,user915,)GYcvRvE6a,user,user915640@gmail.com
916,user916,&2(SNd9Bvk,user,user916541@outlook.com
917,user917,@%65VtPtJ5,user,user917272@outlook.com
918,user918,k8ALu4G%#u,user,user918749@gmail.com
919,user919,)C(PNvpm3Y,user,user919242@yahoo.com
920,user920,(4_0PnNfGE,user,user920924@gmail.com
921,user921,B(A2ASTLlt,user,user921743@yahoo.com
922,user922,+lBf_L^hv7,user,user922415@gmail.com
923,user923,)jKQCKy(&2,user,user923515@yahoo.com
924,user924,)94rRDx!DW,user,user924398@outlook.com
925,user925,$KUO8bbU#3,user,user925992@yahoo.com
926,user926,irApf%n0$6,user,user926967@yahoo.com
927,user927,#4^Q7Zek*p,user,user927635@yahoo.com
928,user928,(s6kBNjz7^,user,user928455@outlook.com
929,user929,^EFVp)uc*3,user,user929595@yahoo.com
930,user930,$qVgtImH^9,user,user930215@outlook.com
931,user931,)ONmHx7L0r,user,user931259@yahoo.com
932,user932,(0DX6uj*6),user,user932997@yahoo.com
933,user933,#MPi^rsn6Y,user,user933217@outlook.com
934,user934,@aXfsc0y6S,user,user934894@gmail.com
935,user935,#4CYXsjwtl,user,user935978@gmail.com
936,user936,_T6Bq#Vu^C,user,user936466@gmail.com
937,user937,+J5#J+Xk6G,user,user937298@gmail.com
938,user938,+FFIdLeK9M,user,user938633@outlook.com
939,user939,5$9YoDU%*t,user,user939499@gmail.com
940,user940,*D43I!u+Z_,user,user940997@gmail.com
941,user941,+9j6*uIeE),user,user941445@outlook.com
942,user942,g&hKu#qc)8,user,user942217@outlook.com
943,user943,*@TGDxy0g3,user,user943634@yahoo.com
944,user944,1!1(iBVJnv,user,user944405@gmail.com
945,user945,FiD%^(Do%1,user,user945107@gmail.com
946,user946,+kw7Z)idd9,user,user946199@yahoo.com
947,user947,CcU7Hj*L!a,user,user947313@gmail.com
948,user948,n(d2B1UKob,user,user948184@gmail.com
949,user949,0jGZOkdl(2,user,user949388@outlook.com
950,user950,_t6EVWhnUs,user,user950620@gmail.com
951,user951,!(8Nx8wqRY,user,user951363@outlook.com
952,user952,N3U3C^iNh!,user,user952294@outlook.com
953,user953,+s%FLX$o7B,user,user953927@gmail.com
954,user954,vR^8RxqeXJ,user,user954926@outlook.com
955,user955,R9Z5WObR^w,user,user955808@gmail.com
956,user956,pmPpgu)_+0,user,user956568@outlook.com
957,user957,S(r*VRsN^0,user,user957423@yahoo.com
958,user958,(d_2P^rN2B,user,user958139@yahoo.com
959,user959,!AvIH*ynn9,user,user959312@outlook.com
960,user960,+1q4T62tvm,user,user960693@outlook.com
961,user961,A8_r(NAa%*,user,user961767@outlook.com
962,user962,@_4M*Yek^Z,user,user962829@gmail.com
963,user963,a&6xV$Qxhx,user,user963945@yahoo.com
964,user964,DV7NSami+),user,user964105@gmail.com
965,user965,tV7V8mqfg_,user,user965661@outlook.com
966,user966,nU+S1LD_)9,user,user966128@yahoo.com
967,user967,qlx5ArNe%k,user,user967469@yahoo.com
968,user968,g0wJwsiG&P,user,user968205@outlook.com
969,user969,(7AQ+F8n69,user,user969156@gmail.com
970,user970,4$FR&db7$$,user,user970953@gmail.com
971,user971,wb8^KMkw_0,user,user971990@yahoo.com
972,user972,7l&M5@4q@4,user,user972903@outlook.com
973,user973,X6F3R1Yv^q,user,user973589@gmail.com
974,user974,e5h@k0Ws+S,user,user974617@yahoo.com
975,user975,*nih7Ca8LZ,user,user975841@gmail.com
976,user976,@2SH)RgwU_,user,user976441@outlook.com
977,user977,^bX3Ngp6Zb,user,user977900@gmail.com
978,user978,wySU7UjVu#,user,user978188@gmail.com
979,user979,(Osjel2h7K,user,user979933@outlook.com
980,user980,%W6VVdB3B5,user,user980233@gmail.com
981,user981,b2$6wWrWBN,user,user981848@yahoo.com
982,user982,QAHlFqJ4+5,user,user982968@yahoo.com
983,user983,RbHd_8Ktw^,user,user983630@gmail.com
984,user984,Ht3HBMf2*4,user,user984162@gmail.com
985,user985,*3O5qyZm0H,user,user985494@outlook.com
986,user986,UZBF1r9q*5,user,user986314@yahoo.com
987,user987,rA2XsGzcY!,user,user987531@outlook.com
988,user988,$hxB4rf50u,user,user988891@yahoo.com
989,user989,+xp6dLdgCD,user,user989448@yahoo.com
990,user990,$FY^mL9x8e,user,user990554@outlook.com
991,user991,&e8OiW#OGQ,admin,user991947@gmail.com
992,user992,dhl+3K(n@e,admin,user992493@yahoo.com
993,user993,@H5fDqMT6P,admin,user993598@outlook.com
994,user994,@+3)UizWB2,admin,user994577@yahoo.com
995,user995,$sGV7VF))^,admin,user995118@outlook.com
996,user996,d4IH3rml+b,admin,user996815@outlook.com
997,user997,z!1lkApgbm,admin,user997216@outlook.com
998,user998,(2FkLxE&+6,admin,user998781@outlook.com
999,user999,_XE2ZeJZ4e,admin,user999249@outlook.com
1000,user1000,$k^u8F7Qg7,admin,user1000265@gmail.com
1001,sri,ilin,admin,sri808@gmail.com
1002,mathi,sri,admin,mathi704@yahoo.com
